Code,Index,IsTurnedOn,Name,LongName,NumCohorts,NumGeneTypes,NumStages,NumSpawns,NumAgeClassSize,NumStocks,VerticallyMigrates,HorizontallyMigrates,isFished,IsImpacted,isTAC,GroupType,IsPredator,IsCover,isSiliconDep,isAssessed,IsCatchGrazer,Overwinters,isCultured,isHabDepend,numMoveEntries,external_populations,terrestrial_on
ENG,0,1,Anchovy,Engraulis encrasicolus,10,1,2,1,1,1,1,1,1,1,1,FISH,1,0,0,1,0,0,0,0,1,0,0
SAR,1,1,Sardine,Sardina pilchardus,10,1,2,1,1,1,1,1,1,1,1,FISH,1,0,0,1,0,0,0,0,1,0,0
TRA,2,1,Trachurus,Trachurus spp,10,1,2,1,1,1,1,1,1,1,1,FISH,1,0,0,1,0,0,0,0,1,0,0
SPL,3,1,S_Pelagics,Other Small pelagics,10,1,2,1,1,1,1,1,1,1,1,FISH,1,0,0,0,0,0,0,0,1,0,0
MPL,4,1,M_Pelagics,Medium pelagics,10,1,2,1,1,1,1,1,1,1,1,FISH,1,0,0,0,0,0,0,0,1,0,0
LPL,5,1,L_Pelagics,Large pelagics,10,1,2,1,3,1,1,1,1,1,1,FISH,1,0,0,0,0,0,0,0,1,0,0
PSH,6,1,Pel_Shk,Pelagic sharks,10,1,2,1,3,1,1,1,1,1,1,SHARK,1,0,0,0,0,0,0,0,1,0,0
MSC,7,1,MesoPel_Fish_Sl_Crust,Mesopelagic fish slope crustacean feeders,10,1,2,1,1,1,1,1,1,1,1,FISH,1,0,0,0,0,0,0,0,1,0,0
MSG,8,0,MesoPel_Fish_Sl_Jelly,Mesopelagic fish slope jelly feeders,10,1,2,1,1,1,1,1,1,1,1,FISH,1,0,0,0,0,0,0,0,1,0,0
MSP,9,1,MesoPel_Fish_Sl_Pisc,Mesopelagic fish slope piscivorous,10,1,2,1,1,1,1,1,1,1,1,FISH,1,0,0,0,0,0,0,0,1,0,0
SB,10,1,Seabird,Seabirds,10,1,2,1,3,1,1,1,1,1,1,BIRD,1,0,0,0,0,0,0,0,1,0,0
MM,11,1,Mammals,Marine mammals,10,1,2,1,3,1,1,1,1,1,1,MAMMAL,1,0,0,1,0,0,0,0,1,0,0
TUR,12,1,Turtles,Sea turtles,10,1,2,1,2,1,1,1,1,1,1,SHARK,1,0,0,1,0,0,0,0,1,0,0
HAK,13,1,Hake,Merluccius merluccius,10,1,2,1,1,1,1,1,1,1,1,FISH,1,0,0,1,0,0,0,0,1,0,0
MUL,14,1,Mullus,Mullus barbatus,6,1,2,1,1,1,1,1,1,1,1,FISH,1,0,0,1,0,0,0,0,1,0,0
PAG,15,1,Pagellus,Pagellus erythrinus,10,1,2,1,1,1,1,1,1,1,1,FISH,1,0,0,1,0,0,0,0,1,0,0
EPI,16,1,Epipelagic_Fish,Epipelagic fish,10,1,2,1,1,1,1,1,1,1,1,FISH,1,0,0,0,0,0,0,0,1,0,0
DFS,17,1,Dem_Fish_Sl,Demersal fish slope ,10,1,2,1,2,1,1,1,1,1,1,FISH,1,0,0,0,0,0,0,0,1,0,0
DFH,18,1,Dem_Fish_Shelf_Crust,Demersal fish shelf crustacean feeders,10,1,2,1,1,1,1,1,1,1,1,FISH,1,0,0,0,0,0,0,0,1,0,0
DSM,19,1,Dem_Fish_Shelf_Mix,Demersal fish shelf mixed food,10,1,2,1,1,1,1,1,1,1,1,FISH,1,0,0,0,0,0,0,0,1,0,0
DSP,20,1,Dem_Fish_Shelf_Pisc,Demersal fish shelf piscivorous,10,1,2,1,4,1,1,1,1,1,1,FISH,1,0,0,0,0,0,0,0,1,0,0
DSR,21,1,Dem_Fish_Shelf_Rocky,Demersal fish shelf rocky,10,1,2,1,1,1,1,1,1,1,1,FISH,1,0,0,0,0,0,0,0,1,0,0
RSH,22,1,Dem_Sel_Sh,Demersal rays shelf,10,1,2,1,2,1,1,1,1,1,1,SHARK,1,0,0,0,0,0,0,0,1,0,0
RSS,23,1,Dem_Sel_Sl,Demersal rays slope,10,1,2,1,1,1,1,1,1,1,1,SHARK,1,0,0,0,0,0,0,0,1,0,0
SSH,24,1,Dem_Shk_Sh,Demersal sharks shelf,10,1,2,1,1,1,1,1,1,1,1,SHARK,1,0,0,0,0,0,0,0,1,0,0
SSS,25,1,Dem_Shk_Sl,Demersal sharks slope,10,1,2,1,3,1,1,1,1,1,1,SHARK,1,0,0,0,0,0,0,0,1,0,0
CPH,26,1,Cep_Pelagic_Sh,Pelagic cephalopod shelf,2,1,2,1,1,1,1,0,1,1,1,CEP,1,0,0,0,0,0,0,0,0,0,0
CPS,27,1,Cep_Pelagic_Sl,Pelagic cephalopod slope,2,1,2,1,1,1,1,0,1,1,1,CEP,1,0,0,0,0,0,0,0,0,0,0
CBH,28,1,Cep_Benthic_Sh,Benthic cephalopod shelf,2,1,2,1,1,1,0,0,1,1,1,CEP,1,0,0,0,0,0,0,0,0,0,0
CBS,29,1,Cep_Benthic_Sl,Benthic cephalopod slope,2,1,2,1,1,1,0,0,1,1,1,CEP,1,0,0,0,0,0,0,0,0,0,0
ARF,30,1,PWN_Red,Aristaeomorpha foliacea,7,1,2,1,1,1,1,1,1,1,1,FISH,1,0,0,1,0,0,0,0,1,0,0
PWL,31,1,PWN_Pink,Parapaeneus longirostris,5,1,2,1,1,1,1,1,1,1,1,FISH,1,0,0,1,0,0,0,0,1,0,0
NEP,32,1,Nephrops,Nephrops,7,1,2,1,1,1,1,1,1,1,1,FISH,1,0,0,1,0,0,0,0,1,0,0
DNH,33,1,Dec_nat_Sh,Natant decapods shelf,1,1,1,1,1,1,1,0,1,1,1,MOB_EP_OTHER,1,0,0,0,0,0,0,0,0,0,0
DRH,34,1,Dec_rep_Sh,Reptant decapods shelf,1,1,1,1,1,1,0,0,1,1,1,MOB_EP_OTHER,1,0,0,0,0,0,0,0,0,0,0
DNS,35,1,Dec_nat_Sl,Natant decapods slope,1,1,1,1,1,1,1,0,1,1,1,MOB_EP_OTHER,1,0,0,0,0,0,0,0,0,0,0
DRS,36,1,Dec_rep_Sl,Reptant decapods slope,1,1,1,1,1,1,0,0,1,1,1,MOB_EP_OTHER,1,0,0,0,0,0,0,0,0,0,0
BC,37,1,Benthic_Carniv,Benthic Carnivore,1,1,1,1,1,1,0,0,0,0,1,LG_INF,1,0,0,0,0,0,0,0,0,0,0
BO,38,1,Meiobenth,Meiobenthos,1,1,1,1,1,1,0,0,0,0,1,SM_INF,1,0,0,0,0,0,0,0,0,0,0
MBH,39,1,MB_Sh,Macrobenthos shelf,1,1,1,1,1,1,0,0,1,1,1,MOB_EP_OTHER,1,0,0,0,0,0,0,0,0,0,0
MBS,40,1,MB_Sl,Macrobenthos slope,1,1,1,1,1,1,0,0,1,1,1,MOB_EP_OTHER,1,0,0,0,0,0,0,0,0,0,0
EUP,41,1,Euphausiids,Euphausiids,1,1,1,1,1,1,1,0,0,0,1,LG_ZOO,1,0,0,0,0,0,0,0,0,0,0
SUH,42,1,Supra_Sh,Suprabenthos shelf,1,1,1,1,1,1,0,0,1,1,1,MOB_EP_OTHER,1,0,0,0,0,0,0,0,0,0,0
SUS,43,1,Supra_Sl,Suprabenthos slope,1,1,1,1,1,1,0,0,1,1,1,MOB_EP_OTHER,1,0,0,0,0,0,0,0,0,0,0
PB,44,1,Pelag_Bact,Pelagic Bacteria,1,1,1,1,1,1,0,0,0,0,1,PL_BACT,0,0,0,0,0,0,0,0,0,0,0
BB,45,1,Sed_Bact,Sediment Bacteria,1,1,1,1,1,1,0,0,0,0,1,SED_BACT,0,0,0,0,0,0,0,0,0,0,0
ZG,46,0,Gelat_Zoo,Gelatinous zooplankton,1,1,1,1,1,1,1,0,0,0,1,LG_ZOO,1,0,0,0,0,0,0,0,0,0,0
PS,47,1,PicoPhytopl,Picophytoplankton,1,1,1,1,1,1,0,0,0,0,1,SM_PHY,0,0,0,0,0,0,0,0,0,0,0
PL,48,1,Diatom,Diatom,1,1,1,1,1,1,0,0,0,0,1,LG_PHY,0,0,1,0,0,0,0,0,0,0,0
DF,49,0,DinoFlag,Dinoflagellates,1,1,1,1,1,1,0,0,0,0,1,DINOFLAG,1,0,0,0,0,0,0,0,0,0,0
ZS,50,1,MicroZoo,Microzooplankton,1,1,1,1,1,1,1,0,0,0,1,SM_ZOO,1,0,0,0,0,0,0,0,0,0,0
ZM,51,1,Zoo,Mesozooplankton,1,1,1,1,1,1,1,0,0,0,1,MED_ZOO,1,0,0,0,0,0,0,0,0,0,0
ZL,52,1,Carniv_Zoo,Large zooplankton,1,1,1,1,1,1,1,0,0,0,1,LG_ZOO,1,0,0,0,0,0,0,0,0,0,0
MA,53,1,Macroalgae,Macroalgae,1,1,1,1,1,1,0,0,0,0,1,PHYTOBEN,0,1,0,0,0,0,0,0,0,0,0
MB,54,1,MicroPB,Microphtybenthos,1,1,1,1,1,1,0,0,0,0,1,MICROPHTYBENTHOS,0,1,1,0,0,0,0,0,0,0,0
SG,55,1,Seagrass,Seagrass,1,1,1,1,1,1,0,0,0,0,1,SEAGRASS,0,1,0,0,0,0,0,0,0,0,0
DL,56,1,Lab_Det,Labile detritus,1,1,1,1,1,1,0,0,0,0,1,LAB_DET,0,0,0,0,0,0,0,0,0,0,0
DR,57,1,Ref_Det,Refractory detritus,1,1,1,1,1,1,0,0,0,0,1,REF_DET,0,0,0,0,0,0,0,0,0,0,0
DC,58,1,Carrion,Carrion,1,1,1,1,1,1,0,0,0,0,1,CARRION,0,0,0,0,0,0,0,0,0,0,0
